burton <burton@alexia.lis.uiuc.edu>
Brent Burton
"AARON, LIZ  GEORGIA SCHNORE" <schnores@juno.com>
Aaron Schnore
"Josh D." <davis_josh@hotmail.com>
Josh Davis
xrayspex <xrayspex@xensei.com>
Keith Sawyer
dubemb <dubemb@bc.edu>
Michael Dube
"G. Cox" <gcox@u.washington.edu>
Geoff Cox
"McCarthy, Bob" <Bob.McCarthy@usa.xerox.com>
Bob McCarthy
stone@spacelab.net (Nick Stone)
Nick Stone <stone@spacelab.net>
Korhonen Iikka <iikka.korhonen@bof.fi>
Iikka Korhonen
"lexico@pop.rcn.com" <lexico@pop.mail.rcn.net>
Jodi Shapiro
SOREN@TELEPORT.COM
Soren Petersen
"Kathy Fennessy (S&T Onsite)" <v-katfen@microsoft.com>
Kathy Fennessy
windy <tubesox@sirius.com>
Windy Chien
<krebnar@wiw.org>
Ernest Paik
"R. Lim" <rlim@escape.com>
Rob Lim
